{"Day":{"0":0,"1":1,"2":2,"3":3,"4":4,"5":5,"6":6,"7":7,"8":8,"9":9,"10":10,"11":11,"12":12,"13":13,"14":14,"15":15,"16":16,"17":17,"18":18,"19":19,"20":20,"21":21,"22":22,"23":23,"24":24,"25":25,"26":26,"27":27,"28":28,"29":29},"Price":{"0":135.7808380127,"1":135.7808380127,"2":135.7808380127,"3":135.7808380127,"4":135.7809295654,"5":135.7811126709,"6":135.7814331055,"7":135.7811584473,"8":135.7840423584,"9":135.8511199951,"10":135.9362030029,"11":135.9004058838,"12":135.9957427979,"13":136.5948181152,"14":137.0354614258,"15":136.4445343018,"16":136.5576019287,"17":136.8298187256,"18":136.8964996338,"19":139.1847686768,"20":138.8954772949,"21":139.1826019287,"22":139.0594940186,"23":139.1170501709,"24":138.9158935547,"25":138.7282562256,"26":138.9811859131,"27":139.0064239502,"28":138.9108581543,"29":139.2866516113}}