{"Day":{"0":0,"1":1,"2":2,"3":3,"4":4,"5":5,"6":6,"7":7,"8":8,"9":9,"10":10,"11":11,"12":12,"13":13,"14":14,"15":15,"16":16,"17":17,"18":18,"19":19,"20":20,"21":21,"22":22,"23":23,"24":24,"25":25,"26":26,"27":27,"28":28,"29":29},"Price":{"0":83.0186691284,"1":83.0186691284,"2":83.0186691284,"3":83.0186691284,"4":83.0186691284,"5":83.0186691284,"6":83.0186691284,"7":83.0187911987,"8":83.0209197998,"9":83.0190505981,"10":83.2190933228,"11":84.9350204468,"12":84.9198989868,"13":84.7719955444,"14":84.3974990845,"15":83.6093978882,"16":83.4066696167,"17":83.5828781128,"18":83.4954452515,"19":83.964012146,"20":83.964012146,"21":84.1626205444,"22":84.8423233032,"23":84.9880599976,"24":84.8260116577,"25":84.6309814453,"26":83.7069549561,"27":84.2640609741,"28":84.3326873779,"29":83.544342041}}