{"Day":{"0":0,"1":1,"2":2,"3":3,"4":4,"5":5,"6":6,"7":7,"8":8,"9":9,"10":10,"11":11,"12":12,"13":13,"14":14,"15":15,"16":16,"17":17,"18":18,"19":19,"20":20,"21":21,"22":22,"23":23,"24":24,"25":25,"26":26,"27":27,"28":28,"29":29},"Price":{"0":56.8618507385,"1":56.6925125122,"2":57.3174591064,"3":57.3655014038,"4":57.3698501587,"5":57.3778190613,"6":57.3546562195,"7":56.7549285889,"8":56.8754768372,"9":57.1918373108,"10":57.1741714478,"11":57.1554107666,"12":56.6354904175,"13":56.3828659058,"14":56.3549346924,"15":56.352180481,"16":56.3520088196,"17":56.3520126343,"18":56.3520011902,"19":56.3520088196,"20":56.3520278931,"21":56.3556022644,"22":56.3562011719,"23":56.3530578613,"24":56.3583335876,"25":56.3571586609,"26":56.7943229675,"27":57.258190155,"28":57.3174591064,"29":57.3655014038}}